{
  "experiment_id": "floor_opt_001",
  "timestamp": "2026-03-30T21:03:35.366506",
  "duration_seconds": 0,
  "requests_tested": 100,
  "violations_detected": 14,
  "violation_rate": 0.14,
  "avg_omega": 0.040406530011884385,
  "score": 0.8565038418977943,
  "thresholds": {
    "F4_CLARITY_MIN": 0.2,
    "F7_HUMILITY_MIN": 0.02,
    "F7_HUMILITY_MAX": 0.15,
    "F8_GENIUS_MIN": 0.7
  }
}