{
  "experiment_id": "floor_opt_001",
  "timestamp": "2026-03-30T21:03:17.118620",
  "duration_seconds": 0,
  "requests_tested": 100,
  "violations_detected": 97,
  "violation_rate": 0.97,
  "avg_omega": 0.038529876625634875,
  "score": 0.029558962987690486,
  "thresholds": {
    "F4_CLARITY_MIN": -0.5,
    "F7_HUMILITY_MIN": 0.03,
    "F7_HUMILITY_MAX": 0.15,
    "F8_GENIUS_MIN": 0.7
  }
}